{
  "Author": "Aireil",
  "Name": "FF Logs Viewer",
  "InternalName": "FFLogsViewer",
  "AssemblyVersion": "2.0.8.1",
  "Description": "在游戏内查询FFlogs, 支持中国服. Add a context menu to open someone's logs. Layout, style, stats, default metric, and more are all customizable in the settings.",
  "ApplicableVersion": "any",
  "RepoUrl": "https://github.com/Aireil/FFLogsViewer",
  "Tags": [
    "FFLogs",
    "FFLog",
    "FFLo",
    "FFL"
  ],
  "DalamudApiLevel": 7,
  "LoadPriority": 0,
  "ImageUrls": [
    "https://github.com/Aireil/FFLogsViewer/raw/master/res/banner.png"
  ],
  "IconUrl": "https://github.com/Aireil/FFLogsViewer/raw/master/res/icon.png",
  "Punchline": "在游戏内查询FFlogs, 支持中国服",
  "Changelog": "- 2.0.8.0:\n   Add party finder to open with feature.\n- 2.0.8.1:\n   Add ignore self option to open with and some smalls fixes."
}