{
  "Author": "Aireil",
  "Name": "FF Logs Viewer",
  "InternalName": "FFLogsViewer",
  "AssemblyVersion": "2.0.4.3",
  "Description": "在游戏内查询玩家FFLogs, 在各种菜单中提供快捷查询入口",
  "ApplicableVersion": "any",
  "RepoUrl": "https://github.com/Aireil/FFLogsViewer",
  "Tags": [
    "FFLogs",
    "FFLog",
    "FFLo",
    "FFL"
  ],
  "DalamudApiLevel": 6,
  "LoadPriority": 0,
  "ImageUrls": [
    "https://github.com/Aireil/FFLogsViewer/raw/master/res/banner.png"
  ],
  "IconUrl": "https://github.com/Aireil/FFLogsViewer/raw/master/res/icon.png",
  "Punchline": "在游戏内查询玩家的FFLogs数据, 支持国服",
  "Changelog": "- 2.0.4.2: Warn when a metric is not supported by an encounter.\n- 2.0.4.3: 支持国服6.1"
}